{"payload":{"fileName":"/root/code/marcraven/DonutPlot/ObjectRecognition/train_yolo.py","local_timestamp":1701256847372,"message_id":1},"type":"ws_msg"}
{"payload":{"additional_params":{"assetId":"d589d483b8134caf8875587dc23efd78","context":null,"extension":"py","fileName":"/root/.pyenv/versions/DonutPlot/lib/python3.10/site-packages/ultralytics/utils/callbacks/mlflow.py","overwrite":false,"runId":null,"step":null,"type":"source_code"},"clean":true,"file_path":"tmp5f5tsdrq","local_timestamp":1701256848145,"message_id":2,"metadata":{"source_code_type":"experiment_creation"},"upload_type":"source_code"},"type":"file_upload"}
{"payload":{"additional_params":{"assetId":"84b483fba77e4e1eb519ea99ccaac4ec","context":null,"extension":"py","fileName":"ObjectRecognition/train_yolo.py","overwrite":false,"runId":null,"step":null,"type":"source_code"},"clean":true,"file_path":"tmpkz3np0ju","local_timestamp":1701256848151,"message_id":3,"metadata":{"source_code_type":"python_script_name"},"upload_type":"source_code"},"type":"file_upload"}
{"payload":{"installed_packages":["absl-py==1.4.0","aiohttp==3.9.1","aiosignal==1.3.1","alembic==1.12.1","altair==5.1.2","anyio==4.1.0","argon2-cffi-bindings==21.2.0","argon2-cffi==23.1.0","array-record==0.5.0","arrow==1.3.0","astroid==3.0.1","asttokens==2.4.1","async-lru==2.0.4","async-timeout==4.0.3","attrs==23.1.0","babel==2.13.1","beautifulsoup4==4.12.2","bleach==6.1.0","blinker==1.7.0","cachetools==5.3.2","certifi==2023.11.17","cffi==1.16.0","charset-normalizer==3.3.2","click==8.1.7","cloudpickle==2.2.1","comet-ml==3.35.3","comm==0.2.0","configobj==5.0.8","contourpy==1.2.0","cycler==0.12.1","databricks-cli==0.18.0","datasets==2.15.0","debugpy==1.8.0","decorator==5.1.1","defusedxml==0.7.1","dill==0.3.7","distlib==0.3.7","dm-tree==0.1.8","docker==6.1.3","dulwich==0.21.6","entrypoints==0.4","etils==1.5.2","everett==3.1.0","exceptiongroup==1.2.0","executing==2.0.1","fastjsonschema==2.19.0","filelock==3.13.1","flask==3.0.0","fonttools==4.45.1","fqdn==1.5.1","frozenlist==1.4.0","fsspec==2023.10.0","gitdb==4.0.11","gitpython==3.1.40","google-auth-oauthlib==1.1.0","google-auth==2.23.4","googleapis-common-protos==1.61.0","greenlet==3.0.1","grpcio==1.59.3","gunicorn==21.2.0","h5py==3.10.0","huggingface-hub==0.19.4","idna==3.6","importlib-metadata==6.8.0","importlib-resources==6.1.1","iniconfig==2.0.0","ipdb==0.13.13","ipykernel==6.26.0","ipython==8.18.1","ipywidgets==8.1.1","isoduration==20.11.0","isort==5.12.0","itsdangerous==2.1.2","jedi==0.19.1","jinja2==3.1.2","joblib==1.3.2","json5==0.9.14","jsonpointer==2.4","jsonschema-specifications==2023.11.1","jsonschema==4.20.0","jupyter-client==8.6.0","jupyter-console==6.6.3","jupyter-core==5.5.0","jupyter-events==0.9.0","jupyter-lsp==2.2.1","jupyter-server-terminals==0.4.4","jupyter-server==2.10.1","jupyter==1.0.0","jupyterlab-pygments==0.3.0","jupyterlab-server==2.25.2","jupyterlab-widgets==3.0.9","jupyterlab==4.0.9","keras-core==0.1.7","keras-cv==0.7.0","kiwisolver==1.4.5","lightning-utilities==0.10.0","mako==1.3.0","markdown-it-py==3.0.0","markdown==3.5.1","markupsafe==2.1.3","matplotlib-inline==0.1.6","matplotlib==3.8.2","mccabe==0.7.0","mdurl==0.1.2","mistune==3.0.2","mlflow==2.8.1","mpmath==1.3.0","multidict==6.0.4","multiprocess==0.70.15","munch==4.0.0","namex==0.0.7","nbclient==0.9.0","nbconvert==7.11.0","nbformat==5.9.2","nest-asyncio==1.5.8","networkx==3.2.1","nltk==3.8.1","notebook-shim==0.2.3","notebook==7.0.6","numpy==1.26.2","nvidia-cublas-cu12==12.1.3.1","nvidia-cuda-cupti-cu12==12.1.105","nvidia-cuda-nvrtc-cu12==12.1.105","nvidia-cuda-runtime-cu12==12.1.105","nvidia-cudnn-cu12==8.9.2.26","nvidia-cufft-cu12==11.0.2.54","nvidia-curand-cu12==10.3.2.106","nvidia-cusolver-cu12==11.4.5.107","nvidia-cusparse-cu12==12.1.0.106","nvidia-nccl-cu12==2.18.1","nvidia-nvjitlink-cu12==12.3.101","nvidia-nvtx-cu12==12.1.105","oauthlib==3.2.2","onnx==1.15.0","opencv-python==4.8.1.78","overrides==7.4.0","packaging==23.2","pandas==2.1.3","pandocfilters==1.5.0","parso==0.8.3","pexpect==4.9.0","pillow==10.1.0","pip==23.3.1","platformdirs==4.0.0","pluggy==1.3.0","prometheus-client==0.19.0","promise==2.3","prompt-toolkit==3.0.41","protobuf==3.20.3","psutil==5.9.6","ptyprocess==0.7.0","pure-eval==0.2.2","py-cpuinfo==9.0.0","pyarrow-hotfix==0.6","pyarrow==14.0.1","pyasn1-modules==0.3.0","pyasn1==0.5.1","pycparser==2.21","pydeck==0.8.1b0","pygments==2.17.2","pyjwt==2.8.0","pylint==3.0.2","pyparsing==3.1.1","pytest==7.4.3","python-box==6.1.0","python-dateutil==2.8.2","python-json-logger==2.0.7","pytorch-lightning==2.1.2","pytz==2023.3.post1","pyyaml==6.0.1","pyzmq==25.1.1","qtconsole==5.5.1","qtpy==2.4.1","querystring-parser==1.2.4","referencing==0.31.0","regex==2023.10.3","requests-oauthlib==1.3.1","requests-toolbelt==1.0.0","requests==2.31.0","rfc3339-validator==0.1.4","rfc3986-validator==0.1.1","rich==13.7.0","rpds-py==0.13.1","rsa==4.9","ruamel.yaml.clib==0.2.8","ruamel.yaml==0.18.5","safetensors==0.4.1","scikit-learn==1.3.2","scipy==1.11.4","sconf==0.2.5","seaborn==0.13.0","semantic-version==2.10.0","send2trash==1.8.2","sentencepiece==0.1.99","sentry-sdk==1.37.1","setuptools==63.2.0","simplejson==3.19.2","six==1.16.0","smmap==5.0.1","sniffio==1.3.0","soupsieve==2.5","sqlalchemy==2.0.23","sqlparse==0.4.4","stack-data==0.6.3","streamlit==1.28.2","sympy==1.12","tabulate==0.9.0","tenacity==8.2.3","tensorboard-data-server==0.7.2","tensorboard==2.15.1","tensorflow-datasets==4.9.3","tensorflow-metadata==1.14.0","termcolor==2.3.0","terminado==0.18.0","thop==0.1.1.post2209072238","threadpoolctl==3.2.0","timm==0.9.12","tinycss2==1.2.1","tokenizers==0.15.0","toml==0.10.2","tomli==2.0.1","tomlkit==0.12.3","toolz==0.12.0","torch==2.1.1","torchmetrics==1.2.0","torchvision==0.16.1","tornado==6.3.3","tqdm==4.66.1","traitlets==5.13.0","transformers==4.35.2","triton==2.1.0","types-python-dateutil==2.8.19.14","typing-extensions==4.8.0","tzdata==2023.3","tzlocal==5.2","ultralytics==8.0.219","uri-template==1.3.0","urllib3==2.1.0","validators==0.22.0","virtualenv==20.24.7","watchdog==3.0.0","wcwidth==0.2.12","webcolors==1.13","webencodings==0.5.1","websocket-client==1.3.3","werkzeug==3.0.1","widgetsnbextension==4.0.9","wrapt==1.16.0","wurlitzer==3.0.3","xxhash==3.4.1","yarl==1.9.3","zipp==3.17.0","zss==1.2.0"],"local_timestamp":1701256848153,"message_id":4},"type":"ws_msg"}
{"payload":{"local_timestamp":1701256848173,"message_id":5,"os_packages":["adduser=3.118ubuntu5","apparmor=3.0.4-2ubuntu2.2","apport-symptoms=0.24","apport=2.20.11-0ubuntu82.4","apt-transport-https=2.4.10","apt-utils=2.4.9","apt=2.4.9","base-files=12ubuntu4.3","base-passwd=3.5.52build1","bash-completion=1:2.11-5ubuntu1","bash=5.1-6ubuntu1","bind9-dnsutils=1:9.18.12-0ubuntu0.22.04.3","bind9-host=1:9.18.12-0ubuntu0.22.04.3","bind9-libs=1:9.18.12-0ubuntu0.22.04.3","binfmt-support=2.2.1-2","binutils-common=2.38-4ubuntu2.3","binutils-x86-64-linux-gnu=2.38-4ubuntu2.3","binutils=2.38-4ubuntu2.3","bsdextrautils=2.37.2-4ubuntu3","bsdutils=1:2.37.2-4ubuntu3","build-essential=12.9ubuntu3","busybox-static=1:1.30.1-7ubuntu3","byobu=5.133-1","bzip2-doc=1.0.8-5build1","bzip2=1.0.8-5build1","ca-certificates=20230311ubuntu0.22.04.1","command-not-found=22.04.0","console-setup-linux=1.205ubuntu3","console-setup=1.205ubuntu3","coreutils=8.32-4.1ubuntu1","cpio=2.13+dfsg-7","cpp-11=11.4.0-1ubuntu1~22.04","cpp=4:11.2.0-1ubuntu1","cron=3.0pl1-137ubuntu3","curl=7.81.0-1ubuntu1.14","dash=0.5.11+git20210903+057cd650a4ed-3build1","dbus-x11=1.12.20-2ubuntu4.1","dbus=1.12.20-2ubuntu4.1","debconf-i18n=1.5.79ubuntu1","debconf=1.5.79ubuntu1","debianutils=5.5-1ubuntu2","diffutils=1:3.8-0ubuntu2","direnv=2.25.2-2","dirmngr=2.2.27-3ubuntu2.1","distro-info-data=0.52ubuntu0.3","distro-info=1.1build1","dmidecode=3.3-3ubuntu0.1","dmsetup=2:1.02.175-2.1ubuntu4","dosfstools=4.2-1build3","dpkg-dev=1.21.1ubuntu2.2","dpkg=1.21.1ubuntu2.1","e2fsprogs=1.46.5-2ubuntu1.1","ed=1.18-1","eject=2.37.2-4ubuntu3","fakeroot=1.28-1ubuntu1","file=1:5.41-3ubuntu0.1","findutils=4.8.0-1ubuntu3","fontconfig-config=2.13.1-4.2ubuntu5","fontconfig=2.13.1-4.2ubuntu5","fonts-dejavu-core=2.37-2build1","fonts-droid-fallback=1:6.0.1r16-1.1build1","fonts-noto-mono=20201225-1build1","fonts-ubuntu=0.83-6ubuntu1","fonts-urw-base35=20200910-1","friendly-recovery=0.2.42","ftp=20210827-4build1","fuse3=3.10.5-1build1","g++-11=11.4.0-1ubuntu1~22.04","g++=4:11.2.0-1ubuntu1","gawk=1:5.1.0-1ubuntu0.1","gcc-11-base=11.4.0-1ubuntu1~22.04","gcc-11=11.4.0-1ubuntu1~22.04","gcc-12-base=12.3.0-1ubuntu1~22.04","gcc=4:11.2.0-1ubuntu1","gettext-base=0.21-4ubuntu4","gh=2.36.0","ghostscript=9.55.0~dfsg1-0ubuntu5.5","gir1.2-glib-2.0=1.72.0-1","gir1.2-packagekitglib-1.0=1.2.5-2ubuntu2","git-man=1:2.34.1-1ubuntu1.9","git=1:2.34.1-1ubuntu1.10","gnupg-l10n=2.2.27-3ubuntu2.1","gnupg-utils=2.2.27-3ubuntu2.1","gnupg=2.2.27-3ubuntu2.1","google-cloud-sdk-app-engine-python=449.0.0-0","google-cloud-sdk=449.0.0-0","gpg-agent=2.2.27-3ubuntu2.1","gpg-wks-client=2.2.27-3ubuntu2.1","gpg-wks-server=2.2.27-3ubuntu2.1","gpg=2.2.27-3ubuntu2.1","gpgconf=2.2.27-3ubuntu2.1","gpgsm=2.2.27-3ubuntu2.1","gpgv=2.2.27-3ubuntu2.1","grep=3.7-1build1","groff-base=1.22.4-8build1","gsfonts=1:8.11+urwcyr1.0.7~pre44-4.5","gzip=1.10-4ubuntu4.1","hdparm=9.60+ds-1build3","hicolor-icon-theme=0.17-2","hostname=3.23ubuntu2","htop=3.0.5-7build2","icu-devtools=70.1-2","imagemagick-6-common=8:6.9.11.60+dfsg-1.3ubuntu0.22.04.3","imagemagick-6.q16=8:6.9.11.60+dfsg-1.3ubuntu0.22.04.3","imagemagick=8:6.9.11.60+dfsg-1.3ubuntu0.22.04.3","info=6.8-4build1","init-system-helpers=1.62","init=1.62","install-info=6.8-4build1","iproute2=5.15.0-1ubuntu2","iptables=1.8.7-1ubuntu5","iputils-ping=3:20211215-1","iputils-tracepath=3:20211215-1","irqbalance=1.8.0-1build1","isc-dhcp-client=4.4.1-2.3ubuntu2.4","isc-dhcp-common=4.4.1-2.3ubuntu2.4","iso-codes=4.9.0-1","javascript-common=11+nmu1","jq=1.6-2.1ubuntu3","kbd=2.3.0-3ubuntu4.22.04","keyboard-configuration=1.205ubuntu3","kmod=29-1ubuntu1","less=590-1ubuntu0.22.04.1","libacl1=2.3.1-1","libalgorithm-diff-perl=1.201-1","libalgorithm-diff-xs-perl=0.04-6build3","libalgorithm-merge-perl=0.08-3","libaom3=3.3.0-1","libapparmor1=3.0.4-2ubuntu2.2","libappstream4=0.15.2-2","libapt-pkg6.0=2.4.9","libargon2-1=0~20171227-0.3","libasan6=11.4.0-1ubuntu1~22.04","libassuan0=2.5.5-1build1","libatm1=1:2.5.1-4build2","libatomic1=12.3.0-1ubuntu1~22.04","libattr1=1:2.5.1-1build1","libaudit-common=1:3.0.7-1build1","libaudit1=1:3.0.7-1build1","libavahi-client3=0.8-5ubuntu5.2","libavahi-common-data=0.8-5ubuntu5.2","libavahi-common3=0.8-5ubuntu5.2","libbinutils=2.38-4ubuntu2.3","libblkid1=2.37.2-4ubuntu3","libbpf0=1:0.5.0-1ubuntu22.04.1","libbrotli-dev=1.0.9-2build6","libbrotli1=1.0.9-2build6","libbsd0=0.11.5-1","libbz2-1.0=1.0.8-5build1","libbz2-dev=1.0.8-5build1","libc-bin=2.35-0ubuntu3.4","libc-dev-bin=2.35-0ubuntu3.4","libc-devtools=2.35-0ubuntu3.4","libc6-dev=2.35-0ubuntu3.4","libc6=2.35-0ubuntu3.4","libcairo2=1.16.0-5ubuntu2","libcap-ng0=0.7.9-2.2build3","libcap2-bin=1:2.44-1ubuntu0.22.04.1","libcap2=1:2.44-1ubuntu0.22.04.1","libcbor0.8=0.8.0-2ubuntu1","libcc1-0=12.3.0-1ubuntu1~22.04","libclang-cpp14=1:14.0.0-1ubuntu1.1","libcom-err2=1.46.5-2ubuntu1.1","libcrypt-dev=1:4.4.27-1","libcrypt1=1:4.4.27-1","libcryptsetup12=2:2.4.3-1ubuntu1.1","libctf-nobfd0=2.38-4ubuntu2.3","libctf0=2.38-4ubuntu2.3","libcups2=2.4.1op1-1ubuntu4.7","libcurl3-gnutls=7.81.0-1ubuntu1.14","libcurl4=7.81.0-1ubuntu1.14","libdatrie1=0.2.13-2","libdav1d5=0.9.2-1","libdb5.3=5.3.28+dfsg1-0.8ubuntu3","libdbus-1-3=1.12.20-2ubuntu4.1","libde265-0=1.0.8-1","libdebconfclient0=0.261ubuntu1","libdeflate0=1.10-2","libdevmapper1.02.1=2:1.02.175-2.1ubuntu4","libdjvulibre-text=3.5.28-2build2","libdjvulibre21=3.5.28-2build2","libdns-export1110=1:9.11.19+dfsg-2.1ubuntu3","libdpkg-perl=1.21.1ubuntu2.2","libdrm-amdgpu1=2.4.113-2~ubuntu0.22.04.1","libdrm-common=2.4.113-2~ubuntu0.22.04.1","libdrm-intel1=2.4.113-2~ubuntu0.22.04.1","libdrm-nouveau2=2.4.113-2~ubuntu0.22.04.1","libdrm-radeon1=2.4.113-2~ubuntu0.22.04.1","libdrm2=2.4.113-2~ubuntu0.22.04.1","libdw1=0.186-1build1","libedit2=3.1-20210910-1build1","libelf1=0.186-1build1","liberror-perl=0.17029-1","libestr0=0.1.10-2.1build3","libevent-2.1-7=2.1.12-stable-1build3","libevent-core-2.1-7=2.1.12-stable-1build3","libexpat1-dev=2.4.7-1ubuntu0.2","libexpat1=2.4.7-1ubuntu0.2","libext2fs2=1.46.5-2ubuntu1.1","libfakeroot=1.28-1ubuntu1","libfastjson4=0.99.9-1build2","libffi-dev=3.4.2-4","libffi8=3.4.2-4","libfftw3-double3=3.3.8-2ubuntu8","libfido2-1=1.10.0-1","libfile-fcntllock-perl=0.22-3build7","libfontconfig-dev=2.13.1-4.2ubuntu5","libfontconfig1-dev=2.13.1-4.2ubuntu5","libfontconfig1=2.13.1-4.2ubuntu5","libfontenc1=1:1.1.4-1build3","libfreetype-dev=2.11.1+dfsg-1ubuntu0.2","libfreetype6-dev=2.11.1+dfsg-1ubuntu0.2","libfreetype6=2.11.1+dfsg-1ubuntu0.2","libfribidi0=1.0.8-2ubuntu3.1","libfuse3-3=3.10.5-1build1","libgcc-11-dev=11.4.0-1ubuntu1~22.04","libgcc-s1=12.3.0-1ubuntu1~22.04","libgcrypt20-dev=1.9.4-3ubuntu3","libgcrypt20=1.9.4-3ubuntu3","libgd3=2.3.0-2ubuntu2","libgdbm-compat4=1.23-1","libgdbm6=1.23-1","libgirepository-1.0-1=1.72.0-1","libgl1-amber-dri=21.3.9-0ubuntu1~22.04.1","libgl1-mesa-dri=23.0.4-0ubuntu1~22.04.1","libgl1=1.4.0-1","libglapi-mesa=23.0.4-0ubuntu1~22.04.1","libglib2.0-0=2.72.4-0ubuntu2.2","libglib2.0-bin=2.72.4-0ubuntu2.2","libglib2.0-data=2.72.4-0ubuntu2.2","libglvnd0=1.4.0-1","libglx-mesa0=23.0.4-0ubuntu1~22.04.1","libglx0=1.4.0-1","libgmp-dev=2:6.2.1+dfsg-3ubuntu1","libgmp10=2:6.2.1+dfsg-3ubuntu1","libgmpxx4ldbl=2:6.2.1+dfsg-3ubuntu1","libgnutls-dane0=3.7.3-4ubuntu1.3","libgnutls-openssl27=3.7.3-4ubuntu1.3","libgnutls28-dev=3.7.3-4ubuntu1.3","libgnutls30=3.7.3-4ubuntu1.3","libgnutlsxx28=3.7.3-4ubuntu1.3","libgomp1=12.3.0-1ubuntu1~22.04","libgpg-error-dev=1.43-3","libgpg-error0=1.43-3","libgpm2=1.20.7-10build1","libgraphite2-3=1.3.14-1build2","libgs9-common=9.55.0~dfsg1-0ubuntu5.5","libgs9=9.55.0~dfsg1-0ubuntu5.5","libgssapi-krb5-2=1.19.2-2ubuntu0.3","libgstreamer1.0-0=1.20.3-0ubuntu1","libharfbuzz0b=2.7.4-1ubuntu3.1","libheif1=1.12.0-2build1","libhogweed6=3.7.3-1build2","libice6=2:1.0.10-1build2","libicu-dev=70.1-2","libicu70=70.1-2","libidn12=1.38-4ubuntu1","libidn2-0=2.3.2-2build1","libidn2-dev=2.3.2-2build1","libijs-0.35=0.35-15build2","libilmbase25=2.5.7-2","libip4tc2=1.8.7-1ubuntu5","libip6tc2=1.8.7-1ubuntu5","libisc-export1105=1:9.11.19+dfsg-2.1ubuntu3","libisl23=0.24-2build1","libitm1=12.3.0-1ubuntu1~22.04","libjansson4=2.13.1-1.1build3","libjbig0=2.1-3.1ubuntu0.22.04.1","libjbig2dec0=0.19-3build2","libjpeg-turbo8=2.1.2-0ubuntu1","libjpeg8=8c-2ubuntu10","libjq1=1.6-2.1ubuntu3","libjs-jquery=3.6.0+dfsg+~3.5.13-1","libjs-sphinxdoc=4.3.2-1","libjs-underscore=1.13.2~dfsg-2","libjson-c5=0.15-3~ubuntu1.22.04.2","libjxr-tools=1.2~git20170615.f752187-5","libjxr0=1.2~git20170615.f752187-5","libk5crypto3=1.19.2-2ubuntu0.3","libkeyutils1=1.6.1-2ubuntu3","libkmod2=29-1ubuntu1","libkrb5-3=1.19.2-2ubuntu0.3","libkrb5support0=1.19.2-2ubuntu0.3","libksba8=1.6.0-2ubuntu0.2","liblcms2-2=2.12~rc1-2build2","libldap-2.5-0=2.5.14+dfsg-0ubuntu0.22.04.2","libldap-common=2.5.14+dfsg-0ubuntu0.22.04.2","libllvm14=1:14.0.0-1ubuntu1.1","libllvm15=1:15.0.7-0ubuntu0.22.04.3","liblmdb0=0.9.24-1build2","liblocale-gettext-perl=1.07-4build3","liblqr-1-0=0.4.2-2.1","liblsan0=12.3.0-1ubuntu1~22.04","libltdl7=2.4.6-15build2","liblz4-1=1.9.3-2build2","liblzma-dev=5.2.5-2ubuntu1","liblzma5=5.2.5-2ubuntu1","liblzo2-2=2.10-2build3","libmagic-mgc=1:5.41-3ubuntu0.1","libmagic1=1:5.41-3ubuntu0.1","libmagickcore-6.q16-6-extra=8:6.9.11.60+dfsg-1.3ubuntu0.22.04.3","libmagickcore-6.q16-6=8:6.9.11.60+dfsg-1.3ubuntu0.22.04.3","libmagickwand-6.q16-6=8:6.9.11.60+dfsg-1.3ubuntu0.22.04.3","libmaxminddb0=1.5.2-1build2","libmd0=1.0.4-1build1","libmnl0=1.0.4-3build2","libmount1=2.37.2-4ubuntu3","libmpc3=1.2.1-2build1","libmpdec3=2.5.1-2build2","libmpfr6=4.1.0-3build3","libncurses-dev=6.3-2ubuntu0.1","libncurses6=6.3-2ubuntu0.1","libncursesw5-dev=6.3-2ubuntu0.1","libncursesw6=6.3-2ubuntu0.1","libnetfilter-conntrack3=1.0.9-1","libnetpbm10=2:10.0-15.4","libnetplan0=0.105-0ubuntu2~22.04.3","libnettle8=3.7.3-1build2","libnewt0.52=0.52.21-5ubuntu2","libnfnetlink0=1.0.1-3build3","libnftables1=1.0.2-1ubuntu3","libnftnl11=1.2.1-1build1","libnghttp2-14=1.43.0-1ubuntu0.1","libnl-3-200=3.5.0-0.1","libnl-genl-3-200=3.5.0-0.1","libnpth0=1.6-3build2","libnsl-dev=1.3.0-2build2","libnsl2=1.3.0-2build2","libnspr4-dev=2:4.32-3build1","libnspr4=2:4.32-3build1","libnss-systemd=249.11-0ubuntu3.9","libnss3-dev=2:3.68.2-0ubuntu1.2","libnss3=2:3.68.2-0ubuntu1.2","libntfs-3g89=1:2021.8.22-3ubuntu1.2","libnuma1=2.0.14-3ubuntu2","libonig5=6.9.7.1-2build1","libopenexr25=2.5.7-1","libopenjp2-7=2.4.0-6","libp11-kit-dev=0.24.0-6build1","libp11-kit0=0.24.0-6build1","libpackagekit-glib2-18=1.2.5-2ubuntu2","libpam-cap=1:2.44-1ubuntu0.22.04.1","libpam-modules-bin=1.4.0-11ubuntu2.3","libpam-modules=1.4.0-11ubuntu2.3","libpam-runtime=1.4.0-11ubuntu2.3","libpam-systemd=249.11-0ubuntu3.9","libpam0g=1.4.0-11ubuntu2.3","libpango-1.0-0=1.50.6+ds-2ubuntu1","libpangocairo-1.0-0=1.50.6+ds-2ubuntu1","libpangoft2-1.0-0=1.50.6+ds-2ubuntu1","libpaper-utils=1.1.28build2","libpaper1=1.1.28build2","libparted2=3.4-2build1","libpcap0.8=1.10.1-4build1","libpci3=1:3.7.0-6","libpciaccess0=0.16-3","libpcre2-8-0=10.39-3ubuntu0.1","libpcre3=2:8.39-13ubuntu0.22.04.1","libperl5.34=5.34.0-3ubuntu1.2","libpfm4=4.11.1+git32-gd0b85fb-1ubuntu0.1","libpipeline1=1.5.5-1","libpixman-1-0=0.40.0-1ubuntu0.22.04.1","libplymouth5=0.9.5+git20211018-1ubuntu3","libpng-dev=1.6.37-3build5","libpng-tools=1.6.37-3build5","libpng16-16=1.6.37-3build5","libpolkit-agent-1-0=0.105-33","libpolkit-gobject-1-0=0.105-33","libpopt0=1.18-3build1","libprocps8=2:3.3.17-6ubuntu2.1","libpsl5=0.21.0-1.2build2","libpthread-stubs0-dev=0.4-1build2","libpython2.7-minimal=2.7.18-13ubuntu1.1","libpython2.7-stdlib=2.7.18-13ubuntu1.1","libpython3-dev=3.10.6-1~22.04","libpython3-stdlib=3.10.6-1~22.04","libpython3.10-dev=3.10.12-1~22.04.2","libpython3.10-minimal=3.10.12-1~22.04.2","libpython3.10-stdlib=3.10.12-1~22.04.2","libpython3.10=3.10.12-1~22.04.2","libquadmath0=12.3.0-1ubuntu1~22.04","libreadline-dev=8.1.2-1","libreadline8=8.1.2-1","librtmp1=2.4+20151223.gitfa8646d.1-2build4","libsasl2-2=2.1.27+dfsg2-3ubuntu1.2","libsasl2-modules-db=2.1.27+dfsg2-3ubuntu1.2","libsasl2-modules=2.1.27+dfsg2-3ubuntu1.2","libseccomp2=2.5.3-2ubuntu2","libselinux1=3.3-1build2","libsemanage-common=3.3-1build2","libsemanage2=3.3-1build2","libsensors-config=1:3.6.0-7ubuntu1","libsensors5=1:3.6.0-7ubuntu1","libsepol2=3.3-1build1","libsigsegv2=2.13-1ubuntu3","libslang2=2.3.2-5build4","libsm6=2:1.2.3-1build2","libsmartcols1=2.37.2-4ubuntu3","libsodium23=1.0.18-1build2","libsqlite3-0=3.37.2-2ubuntu0.1","libsqlite3-dev=3.37.2-2ubuntu0.1","libss2=1.46.5-2ubuntu1.1","libssh-4=0.9.6-2ubuntu0.22.04.1","libssl-dev=3.0.2-0ubuntu1.12","libssl3=3.0.2-0ubuntu1.12","libstdc++-11-dev=11.4.0-1ubuntu1~22.04","libstdc++6=12.3.0-1ubuntu1~22.04","libstemmer0d=2.2.0-1build1","libsystemd0=249.11-0ubuntu3.9","libtasn1-6-dev=4.18.0-4build1","libtasn1-6=4.18.0-4build1","libtasn1-doc=4.18.0-4build1","libtcl8.6=8.6.12+dfsg-1build1","libtext-charwidth-perl=0.04-10build3","libtext-iconv-perl=1.7-7build3","libtext-wrapi18n-perl=0.06-9","libthai-data=0.1.29-1build1","libthai0=0.1.29-1build1","libtiff5=4.3.0-6ubuntu0.6","libtinfo6=6.3-2ubuntu0.1","libtirpc-common=1.3.2-2ubuntu0.1","libtirpc-dev=1.3.2-2ubuntu0.1","libtirpc3=1.3.2-2ubuntu0.1","libtk8.6=8.6.12-1build1","libtsan0=11.4.0-1ubuntu1~22.04","libubsan1=12.3.0-1ubuntu1~22.04","libuchardet0=0.0.7-1build2","libudev1=249.11-0ubuntu3.9","libunbound8=1.13.1-1ubuntu5.3","libunistring2=1.0-1","libunwind8=1.3.2-2build2","libusb-1.0-0=2:1.0.25-1ubuntu2","libutempter0=1.2.1-2build2","libuuid1=2.37.2-4ubuntu3","libuv1=1.43.0-1","libwebp7=1.2.2-2ubuntu0.22.04.2","libwebpdemux2=1.2.2-2ubuntu0.22.04.2","libwebpmux3=1.2.2-2ubuntu0.22.04.2","libwmflite-0.2-7=0.2.12-5ubuntu1","libx11-6=2:1.7.5-1ubuntu0.3","libx11-data=2:1.7.5-1ubuntu0.3","libx11-dev=2:1.7.5-1ubuntu0.3","libx11-xcb1=2:1.7.5-1ubuntu0.3","libx265-199=3.5-2","libxau-dev=1:1.0.9-1build5","libxau6=1:1.0.9-1build5","libxaw7=2:1.0.14-1","libxcb-dri2-0=1.14-3ubuntu3","libxcb-dri3-0=1.14-3ubuntu3","libxcb-glx0=1.14-3ubuntu3","libxcb-present0=1.14-3ubuntu3","libxcb-randr0=1.14-3ubuntu3","libxcb-render0=1.14-3ubuntu3","libxcb-shape0=1.14-3ubuntu3","libxcb-shm0=1.14-3ubuntu3","libxcb-sync1=1.14-3ubuntu3","libxcb-xfixes0=1.14-3ubuntu3","libxcb1-dev=1.14-3ubuntu3","libxcb1=1.14-3ubuntu3","libxcomposite1=1:0.4.5-1build2","libxdmcp-dev=1:1.1.3-0ubuntu5","libxdmcp6=1:1.1.3-0ubuntu5","libxext-dev=2:1.3.4-1build1","libxext6=2:1.3.4-1build1","libxfixes3=1:6.0.0-1","libxft-dev=2.3.4-1","libxft2=2.3.4-1","libxi6=2:1.8-1build1","libxinerama1=2:1.1.4-3","libxkbfile1=1:1.1.0-1build3","libxml2-dev=2.9.13+dfsg-1ubuntu0.3","libxml2=2.9.13+dfsg-1ubuntu0.3","libxmlb2=0.3.6-2build1","libxmlsec1-dev=1.2.33-1build2","libxmlsec1-gcrypt=1.2.33-1build2","libxmlsec1-gnutls=1.2.33-1build2","libxmlsec1-nss=1.2.33-1build2","libxmlsec1-openssl=1.2.33-1build2","libxmlsec1=1.2.33-1build2","libxmu6=2:1.1.3-3","libxmuu1=2:1.1.3-3","libxpm4=1:3.5.12-1ubuntu0.22.04.2","libxrandr2=2:1.5.2-1build1","libxrender-dev=1:0.9.10-1build4","libxrender1=1:0.9.10-1build4","libxshmfence1=1.3-1build4","libxslt1-dev=1.1.34-4ubuntu0.22.04.1","libxslt1.1=1.1.34-4ubuntu0.22.04.1","libxss-dev=1:1.2.3-1build2","libxss1=1:1.2.3-1build2","libxt6=1:1.2.1-1","libxtables12=1.8.7-1ubuntu5","libxtst6=2:1.2.3-1build4","libxv1=2:1.0.11-1build2","libxxf86dga1=2:1.1.5-0ubuntu3","libxxf86vm1=1:1.1.4-1build3","libxxhash0=0.8.1-1","libyaml-0-2=0.2.2-1build2","libz3-4=4.8.12-1","libz3-dev=4.8.12-1","libzstd1=1.4.8+dfsg-3build1","linux-libc-dev=5.15.0-89.99","llvm-14-dev=1:14.0.0-1ubuntu1.1","llvm-14-linker-tools=1:14.0.0-1ubuntu1.1","llvm-14-runtime=1:14.0.0-1ubuntu1.1","llvm-14-tools=1:14.0.0-1ubuntu1.1","llvm-14=1:14.0.0-1ubuntu1.1","llvm-runtime=1:14.0-55~exp2","llvm=1:14.0-55~exp2","locales=2.35-0ubuntu3.4","login=1:4.8.1-2ubuntu2.1","logrotate=3.19.0-1ubuntu1.1","logsave=1.46.5-2ubuntu1.1","lsb-base=11.1.0ubuntu4","lsb-release=11.1.0ubuntu4","lshw=02.19.git.2021.06.19.996aaad9c7-2build1","lsof=4.93.2+dfsg-1.1build2","lto-disabled-list=24","make=4.3-4.1build1","man-db=2.10.2-1","manpages-dev=5.10-1ubuntu1","manpages=5.10-1ubuntu1","mawk=1.3.4.20200120-3","media-types=7.0.0","motd-news-config=12ubuntu4.3","mount=2.37.2-4ubuntu3","mtr-tiny=0.95-1","nano=6.2-1","ncurses-base=6.3-2ubuntu0.1","ncurses-bin=6.3-2ubuntu0.1","netbase=6.3","netcat-openbsd=1.218-4ubuntu1","netpbm=2:10.0-15.4","netplan.io=0.105-0ubuntu2~22.04.3","nettle-dev=3.7.3-1build2","networkd-dispatcher=2.1-2ubuntu0.22.04.2","nftables=1.0.2-1ubuntu3","ntfs-3g=1:2021.8.22-3ubuntu1.2","openssh-client=1:8.9p1-3ubuntu0.3","openssl=3.0.2-0ubuntu1.12","packagekit-tools=1.2.5-2ubuntu2","packagekit=1.2.5-2ubuntu2","parted=3.4-2build1","passwd=1:4.8.1-2ubuntu2.1","pastebinit=1.5.1-1ubuntu1","patch=2.7.6-7build2","pci.ids=0.0~2022.01.22-1","pciutils=1:3.7.0-6","perl-base=5.34.0-3ubuntu1.2","perl-modules-5.34=5.34.0-3ubuntu1.2","perl=5.34.0-3ubuntu1.2","pinentry-curses=1.1.1-1build2","pkexec=0.105-33","pkg-config=0.29.2-1ubuntu3","plymouth-theme-ubuntu-text=0.9.5+git20211018-1ubuntu3","plymouth=0.9.5+git20211018-1ubuntu3","policykit-1=0.105-33","polkitd=0.105-33","poppler-data=0.4.11-1","powermgmt-base=1.36","procps=2:3.3.17-6ubuntu2.1","psmisc=23.4-2build3","publicsuffix=20211207.1025-1","python-apt-common=2.4.0ubuntu1","python2.7-minimal=2.7.18-13ubuntu1.1","python2.7=2.7.18-13ubuntu1.1","python3-apport=2.20.11-0ubuntu82.4","python3-apt=2.4.0ubuntu1","python3-blinker=1.4+dfsg1-0.4","python3-cffi-backend=1.15.0-1build2","python3-commandnotfound=22.04.0","python3-cryptography=3.4.8-1ubuntu2","python3-dbus=1.2.18-3build1","python3-dev=3.10.6-1~22.04","python3-distro-info=1.1build1","python3-distro=1.7.0-1","python3-distupgrade=1:22.04.16","python3-distutils=3.10.8-1~22.04","python3-gdbm=3.10.8-1~22.04","python3-gi=3.42.1-0ubuntu1","python3-httplib2=0.20.2-2","python3-importlib-metadata=4.6.4-1","python3-jeepney=0.7.1-3","python3-jwt=2.3.0-1ubuntu0.2","python3-keyring=23.5.0-1","python3-launchpadlib=1.10.16-1","python3-lazr.restfulclient=0.14.4-1","python3-lazr.uri=1.0.6-2","python3-lib2to3=3.10.8-1~22.04","python3-minimal=3.10.6-1~22.04","python3-more-itertools=8.10.0-2","python3-netifaces=0.11.0-1build2","python3-newt=0.52.21-5ubuntu2","python3-oauthlib=3.2.0-1ubuntu0.1","python3-pkg-resources=59.6.0-1.2ubuntu0.22.04.1","python3-problem-report=2.20.11-0ubuntu82.4","python3-pygments=2.11.2+dfsg-2","python3-pyparsing=2.4.7-1","python3-secretstorage=3.3.1-1","python3-six=1.16.0-3ubuntu1","python3-software-properties=0.99.22.6","python3-systemd=234-3ubuntu2","python3-update-manager=1:22.04.10","python3-wadllib=1.3.6-1","python3-yaml=5.4.1-1ubuntu1","python3-zipp=1.0.0-3","python3.10-dev=3.10.12-1~22.04.2","python3.10-minimal=3.10.12-1~22.04.2","python3.10=3.10.12-1~22.04.2","python3=3.10.6-1~22.04","readline-common=8.1.2-1","rpcsvc-proto=1.4.2-0ubuntu6","rsync=3.2.7-0ubuntu0.22.04.2","rsyslog=8.2112.0-2ubuntu2.2","run-one=1.17-0ubuntu1","screen=4.9.0-1","sed=4.8-1ubuntu2","sensible-utils=0.0.17","shared-mime-info=2.1-2","show-motd=3.10","snapd=2.58+22.04.1","software-properties-common=0.99.22.6","squashfs-tools=1:4.5-3build1","strace=5.16-0ubuntu3","sudo=1.9.9-1ubuntu2.4","systemd-hwe-hwdb=249.11.3","systemd-sysv=249.11-0ubuntu3.9","systemd-timesyncd=249.11-0ubuntu3.9","systemd=249.11-0ubuntu3.9","sysvinit-utils=3.01-1ubuntu1","tar=1.34+dfsg-1ubuntu0.1.22.04.1","tcl-dev=8.6.11+1build2","tcl8.6-dev=8.6.12+dfsg-1build1","tcl8.6=8.6.12+dfsg-1build1","tcl=8.6.11+1build2","tcpdump=4.99.1-3ubuntu0.1","telnet=0.17-44build1","time=1.9-0.1build2","tk-dev=8.6.11+1build2","tk8.6-dev=8.6.12-1build1","tk8.6=8.6.12-1build1","tk=8.6.11+1build2","tmux=3.2a-4ubuntu0.2","tnftp=20210827-4build1","tree=2.0.2-1","tzdata=2023c-0ubuntu0.22.04.1","ubuntu-advantage-tools=27.14.4~22.04","ubuntu-keyring=2021.03.26","ubuntu-minimal=1.481","ubuntu-release-upgrader-core=1:22.04.16","ubuntu-standard=1.481","ubuntu-wsl=1.481","ucf=3.0043","udev=249.11-0ubuntu3.9","ufw=0.36.1-4build1","unattended-upgrades=2.8ubuntu1","unzip=6.0-26ubuntu3.1","update-manager-core=1:22.04.10","update-motd=3.10","usb.ids=2022.04.02-1","usbutils=1:014-1build1","usrmerge=25ubuntu2","util-linux=2.37.2-4ubuntu3","uuid-dev=2.37.2-4ubuntu3","uuid-runtime=2.37.2-4ubuntu3","vim-common=2:8.2.3995-1ubuntu2.13","vim-runtime=2:8.2.3995-1ubuntu2.13","vim-tiny=2:8.2.3995-1ubuntu2.13","vim=2:8.2.3995-1ubuntu2.13","wget=1.21.2-2ubuntu1","whiptail=0.52.21-5ubuntu2","wsl-setup=0.2","x11-common=1:7.7+23ubuntu2","x11-utils=7.7+5build2","x11proto-core-dev=2021.5-1","x11proto-dev=2021.5-1","xauth=1:1.1-1build2","xbitmaps=1.1.1-2.1ubuntu1","xdg-user-dirs=0.17-2ubuntu4","xkb-data=2.33-1","xorg-sgml-doctools=1:1.11-1.1","xterm=372-1ubuntu1","xtrans-dev=1.4.0-1","xxd=2:8.2.3995-1ubuntu2.13","xz-utils=5.2.5-2ubuntu1","zlib1g-dev=1:1.2.11.dfsg-2ubuntu9.2","zlib1g=1:1.2.11.dfsg-2ubuntu9.2","zsh-common=5.8.1-1","zsh=5.8.1-1"]},"type":"ws_msg"}
{"payload":{"env_details":{"command":["ObjectRecognition/train_yolo.py","project=/ObjectRecognition/yolo/dataset/results"],"env":null,"hostname":"DESKTOP-ALJ7I78","ip":"172.27.152.158","machine":"x86_64","os":"Linux-5.15.133.1-microsoft-standard-WSL2-x86_64-with-glibc2.35","os_release":"5.15.133.1-microsoft-standard-WSL2","os_type":"Linux","pid":41995,"processor":"x86_64","python_exe":"/root/.pyenv/versions/DonutPlot/bin/python","python_version":"3.10.6","python_version_verbose":"3.10.6 (main, Oct  9 2023, 15:00:47) [GCC 11.4.0]","user":"root"},"local_timestamp":1701256848199,"message_id":6},"type":"ws_msg"}
{"payload":{"gpu_static_info":[{"gpu_index":0,"name":"NVIDIA GeForce GTX 1060","power_limit":55000,"total_memory":6442450944,"uuid":"GPU-64ddc00a-72bf-aba4-72a1-451b71fd2955"}],"local_timestamp":1701256848478,"message_id":7},"type":"ws_msg"}
{"payload":{"local_timestamp":1701256848479,"message_id":8,"metric":{"epoch":null,"metricName":"sys.gpu.0.total_memory","metricValue":6442450944,"step":null}},"type":"metric_msg"}
{"payload":{"local_timestamp":1701256848485,"message_id":9,"param":{"paramName":"project","paramValue":"/ObjectRecognition/yolo/dataset/results","source":"cli","step":null}},"type":"parameter_msg"}
{"payload":{"local_timestamp":1701256848490,"message_id":10,"metric":{"epoch":null,"metricName":"sys.cpu.percent.avg","metricValue":0.0,"step":null}},"type":"metric_msg"}
{"payload":{"local_timestamp":1701256848491,"message_id":11,"metric":{"epoch":null,"metricName":"sys.ram.total","metricValue":4047482880,"step":null}},"type":"metric_msg"}
{"payload":{"local_timestamp":1701256848491,"message_id":12,"metric":{"epoch":null,"metricName":"sys.ram.used","metricValue":3523768320,"step":null}},"type":"metric_msg"}
{"payload":{"local_timestamp":1701256848491,"message_id":13,"metric":{"epoch":null,"metricName":"sys.ram.available","metricValue":523714560,"step":null}},"type":"metric_msg"}
{"payload":{"local_timestamp":1701256848491,"message_id":14,"metric":{"epoch":null,"metricName":"sys.ram.percent.used","metricValue":87.1,"step":null}},"type":"metric_msg"}
{"payload":{"local_timestamp":1701256848491,"message_id":15,"metric":{"epoch":null,"metricName":"sys.load.avg","metricValue":0.46923828125,"step":null}},"type":"metric_msg"}
{"payload":{"local_timestamp":1701256848492,"log_other":{"key":"offline_experiment","val":true},"message_id":16},"type":"ws_msg"}
{"payload":{"local_timestamp":1701256848492,"log_other":{"key":"Name","val":"train8"},"message_id":17},"type":"ws_msg"}
{"payload":{"local_timestamp":1701256848492,"log_other":{"key":"Created from","val":"MLFlow auto-logger"},"message_id":18},"type":"ws_msg"}
{"payload":{"local_timestamp":1701256848509,"message_id":19,"stderr":false,"stdout":"\u001b[34m\u001b[1mMLflow: \u001b[0mlogging run_id(4c03c13f31ee41569ca3baecb4e9eafd) to /root/.pyenv/runs/mlflow\n"},"type":"ws_msg"}
{"payload":{"local_timestamp":1701256848512,"message_id":20,"stderr":false,"stdout":"\u001b[34m\u001b[1mMLflow: \u001b[0mview at http://127.0.0.1:5000 with 'mlflow server --backend-store-uri /root/.pyenv/runs/mlflow'\n\u001b[34m\u001b[1mMLflow: \u001b[0mdisable with 'yolo settings mlflow=False'\n"},"type":"ws_msg"}
{"payload":{"local_timestamp":1701256848529,"message_id":21,"metric":{"epoch":null,"metricName":"sys.gpu.0.free_memory","metricValue":6337593344,"step":null}},"type":"metric_msg"}
{"payload":{"local_timestamp":1701256848529,"message_id":22,"metric":{"epoch":null,"metricName":"sys.gpu.0.gpu_utilization","metricValue":0,"step":null}},"type":"metric_msg"}
{"payload":{"local_timestamp":1701256848529,"message_id":23,"metric":{"epoch":null,"metricName":"sys.gpu.0.power_usage","metricValue":6104,"step":null}},"type":"metric_msg"}
{"payload":{"local_timestamp":1701256848529,"message_id":24,"metric":{"epoch":null,"metricName":"sys.gpu.0.temperature","metricValue":0,"step":null}},"type":"metric_msg"}
{"payload":{"local_timestamp":1701256848529,"message_id":25,"metric":{"epoch":null,"metricName":"sys.gpu.0.used_memory","metricValue":104857600,"step":null}},"type":"metric_msg"}
{"payload":{"local_timestamp":1701256848529,"message_id":26,"metric":{"epoch":null,"metricName":"sys.gpu.0.percent.used_memory","metricValue":1.6276041666666667,"step":null}},"type":"metric_msg"}
{"payload":{"local_timestamp":1701256848529,"message_id":27,"metric":{"epoch":null,"metricName":"sys.gpu.0.memory_utilization","metricValue":0,"step":null}},"type":"metric_msg"}
{"payload":{"local_timestamp":1701256848547,"message_id":28,"metric":{"epoch":null,"metricName":"sys.disk.root.used","metricValue":38187470848,"step":null}},"type":"metric_msg"}
{"payload":{"local_timestamp":1701256848548,"message_id":29,"metric":{"epoch":null,"metricName":"sys.disk.root.percent.used","metricValue":3.7,"step":null}},"type":"metric_msg"}
{"payload":{"local_timestamp":1701256848716,"message_id":30,"param":{"paramName":"agnostic_nms","paramValue":false,"source":"auto-logged","step":null}},"type":"parameter_msg"}
{"payload":{"local_timestamp":1701256848719,"message_id":31,"param":{"paramName":"amp","paramValue":true,"source":"auto-logged","step":null}},"type":"parameter_msg"}
{"payload":{"local_timestamp":1701256848719,"message_id":32,"param":{"paramName":"augment","paramValue":false,"source":"auto-logged","step":null}},"type":"parameter_msg"}
{"payload":{"local_timestamp":1701256848720,"message_id":33,"param":{"paramName":"batch","paramValue":16,"source":"auto-logged","step":null}},"type":"parameter_msg"}
{"payload":{"local_timestamp":1701256848720,"message_id":34,"param":{"paramName":"box","paramValue":7.5,"source":"auto-logged","step":null}},"type":"parameter_msg"}
{"payload":{"local_timestamp":1701256848720,"message_id":35,"param":{"paramName":"cache","paramValue":false,"source":"auto-logged","step":null}},"type":"parameter_msg"}
{"payload":{"local_timestamp":1701256848720,"message_id":36,"param":{"paramName":"cfg","paramValue":null,"source":"auto-logged","step":null}},"type":"parameter_msg"}
{"payload":{"local_timestamp":1701256848720,"message_id":37,"param":{"paramName":"classes","paramValue":null,"source":"auto-logged","step":null}},"type":"parameter_msg"}
{"payload":{"local_timestamp":1701256848720,"message_id":38,"param":{"paramName":"close_mosaic","paramValue":10,"source":"auto-logged","step":null}},"type":"parameter_msg"}
{"payload":{"local_timestamp":1701256848720,"message_id":39,"param":{"paramName":"cls","paramValue":0.5,"source":"auto-logged","step":null}},"type":"parameter_msg"}
{"payload":{"local_timestamp":1701256848720,"message_id":40,"param":{"paramName":"conf","paramValue":null,"source":"auto-logged","step":null}},"type":"parameter_msg"}
{"payload":{"local_timestamp":1701256848720,"message_id":41,"param":{"paramName":"copy_paste","paramValue":0.0,"source":"auto-logged","step":null}},"type":"parameter_msg"}
{"payload":{"local_timestamp":1701256848720,"message_id":42,"param":{"paramName":"cos_lr","paramValue":false,"source":"auto-logged","step":null}},"type":"parameter_msg"}
{"payload":{"local_timestamp":1701256848720,"message_id":43,"param":{"paramName":"data","paramValue":"/root/code/marcraven/DonutPlot/ObjectRecognition/dataset.yaml","source":"auto-logged","step":null}},"type":"parameter_msg"}
{"payload":{"local_timestamp":1701256848720,"message_id":44,"param":{"paramName":"degrees","paramValue":0.0,"source":"auto-logged","step":null}},"type":"parameter_msg"}
{"payload":{"local_timestamp":1701256848721,"message_id":45,"param":{"paramName":"deterministic","paramValue":true,"source":"auto-logged","step":null}},"type":"parameter_msg"}
{"payload":{"local_timestamp":1701256848721,"message_id":46,"param":{"paramName":"device","paramValue":null,"source":"auto-logged","step":null}},"type":"parameter_msg"}
{"payload":{"local_timestamp":1701256848721,"message_id":47,"param":{"paramName":"dfl","paramValue":1.5,"source":"auto-logged","step":null}},"type":"parameter_msg"}
{"payload":{"local_timestamp":1701256848721,"message_id":48,"param":{"paramName":"dnn","paramValue":false,"source":"auto-logged","step":null}},"type":"parameter_msg"}
{"payload":{"local_timestamp":1701256848721,"message_id":49,"param":{"paramName":"dropout","paramValue":0.0,"source":"auto-logged","step":null}},"type":"parameter_msg"}
{"payload":{"local_timestamp":1701256848721,"message_id":50,"param":{"paramName":"dynamic","paramValue":false,"source":"auto-logged","step":null}},"type":"parameter_msg"}
{"payload":{"local_timestamp":1701256848721,"message_id":51,"param":{"paramName":"epochs","paramValue":10,"source":"auto-logged","step":null}},"type":"parameter_msg"}
{"payload":{"local_timestamp":1701256848721,"message_id":52,"param":{"paramName":"exist_ok","paramValue":false,"source":"auto-logged","step":null}},"type":"parameter_msg"}
{"payload":{"local_timestamp":1701256848721,"message_id":53,"param":{"paramName":"fliplr","paramValue":0.5,"source":"auto-logged","step":null}},"type":"parameter_msg"}
{"payload":{"local_timestamp":1701256848721,"message_id":54,"param":{"paramName":"flipud","paramValue":0.0,"source":"auto-logged","step":null}},"type":"parameter_msg"}
{"payload":{"local_timestamp":1701256848721,"message_id":55,"param":{"paramName":"format","paramValue":"onnx","source":"auto-logged","step":null}},"type":"parameter_msg"}
{"payload":{"local_timestamp":1701256848721,"message_id":56,"param":{"paramName":"fraction","paramValue":1.0,"source":"auto-logged","step":null}},"type":"parameter_msg"}
{"payload":{"local_timestamp":1701256848721,"message_id":57,"param":{"paramName":"freeze","paramValue":null,"source":"auto-logged","step":null}},"type":"parameter_msg"}
{"payload":{"local_timestamp":1701256848721,"message_id":58,"param":{"paramName":"half","paramValue":false,"source":"auto-logged","step":null}},"type":"parameter_msg"}
{"payload":{"local_timestamp":1701256848721,"message_id":59,"param":{"paramName":"hsv_h","paramValue":0.015,"source":"auto-logged","step":null}},"type":"parameter_msg"}
{"payload":{"local_timestamp":1701256848721,"message_id":60,"param":{"paramName":"hsv_s","paramValue":0.7,"source":"auto-logged","step":null}},"type":"parameter_msg"}
{"payload":{"local_timestamp":1701256848721,"message_id":61,"param":{"paramName":"hsv_v","paramValue":0.4,"source":"auto-logged","step":null}},"type":"parameter_msg"}
{"payload":{"local_timestamp":1701256848721,"message_id":62,"param":{"paramName":"imgsz","paramValue":320,"source":"auto-logged","step":null}},"type":"parameter_msg"}
{"payload":{"local_timestamp":1701256848721,"message_id":63,"param":{"paramName":"int8","paramValue":false,"source":"auto-logged","step":null}},"type":"parameter_msg"}
{"payload":{"local_timestamp":1701256848721,"message_id":64,"param":{"paramName":"iou","paramValue":0.7,"source":"auto-logged","step":null}},"type":"parameter_msg"}
{"payload":{"local_timestamp":1701256848721,"message_id":65,"param":{"paramName":"keras","paramValue":false,"source":"auto-logged","step":null}},"type":"parameter_msg"}
{"payload":{"local_timestamp":1701256848722,"message_id":66,"param":{"paramName":"kobj","paramValue":1.0,"source":"auto-logged","step":null}},"type":"parameter_msg"}
{"payload":{"local_timestamp":1701256848722,"message_id":67,"param":{"paramName":"label_smoothing","paramValue":0.0,"source":"auto-logged","step":null}},"type":"parameter_msg"}
{"payload":{"local_timestamp":1701256848722,"message_id":68,"param":{"paramName":"line_width","paramValue":null,"source":"auto-logged","step":null}},"type":"parameter_msg"}
{"payload":{"local_timestamp":1701256848722,"message_id":69,"param":{"paramName":"lr0","paramValue":0.01,"source":"auto-logged","step":null}},"type":"parameter_msg"}
{"payload":{"local_timestamp":1701256848722,"message_id":70,"param":{"paramName":"lrf","paramValue":0.01,"source":"auto-logged","step":null}},"type":"parameter_msg"}
{"payload":{"local_timestamp":1701256848722,"message_id":71,"param":{"paramName":"mask_ratio","paramValue":4,"source":"auto-logged","step":null}},"type":"parameter_msg"}
{"payload":{"local_timestamp":1701256848722,"message_id":72,"param":{"paramName":"max_det","paramValue":300,"source":"auto-logged","step":null}},"type":"parameter_msg"}
{"payload":{"local_timestamp":1701256848722,"message_id":73,"param":{"paramName":"mixup","paramValue":0.0,"source":"auto-logged","step":null}},"type":"parameter_msg"}
{"payload":{"local_timestamp":1701256848722,"message_id":74,"param":{"paramName":"mode","paramValue":"train","source":"auto-logged","step":null}},"type":"parameter_msg"}
{"payload":{"local_timestamp":1701256848722,"message_id":75,"param":{"paramName":"model","paramValue":"yolov8s-p2.yaml","source":"auto-logged","step":null}},"type":"parameter_msg"}
{"payload":{"local_timestamp":1701256848722,"message_id":76,"param":{"paramName":"momentum","paramValue":0.937,"source":"auto-logged","step":null}},"type":"parameter_msg"}
{"payload":{"local_timestamp":1701256848723,"message_id":77,"param":{"paramName":"mosaic","paramValue":1.0,"source":"auto-logged","step":null}},"type":"parameter_msg"}
{"payload":{"local_timestamp":1701256848723,"message_id":78,"param":{"paramName":"name","paramValue":"train8","source":"auto-logged","step":null}},"type":"parameter_msg"}
{"payload":{"local_timestamp":1701256848723,"message_id":79,"param":{"paramName":"nbs","paramValue":64,"source":"auto-logged","step":null}},"type":"parameter_msg"}
{"payload":{"local_timestamp":1701256848723,"message_id":80,"param":{"paramName":"nms","paramValue":false,"source":"auto-logged","step":null}},"type":"parameter_msg"}
{"payload":{"local_timestamp":1701256848723,"message_id":81,"param":{"paramName":"opset","paramValue":null,"source":"auto-logged","step":null}},"type":"parameter_msg"}
{"payload":{"local_timestamp":1701256848723,"message_id":82,"param":{"paramName":"optimize","paramValue":false,"source":"auto-logged","step":null}},"type":"parameter_msg"}
{"payload":{"local_timestamp":1701256848723,"message_id":83,"param":{"paramName":"optimizer","paramValue":"auto","source":"auto-logged","step":null}},"type":"parameter_msg"}
{"payload":{"local_timestamp":1701256848723,"message_id":84,"param":{"paramName":"overlap_mask","paramValue":true,"source":"auto-logged","step":null}},"type":"parameter_msg"}
{"payload":{"local_timestamp":1701256848723,"message_id":85,"param":{"paramName":"patience","paramValue":50,"source":"auto-logged","step":null}},"type":"parameter_msg"}
{"payload":{"local_timestamp":1701256848723,"message_id":86,"param":{"paramName":"perspective","paramValue":0.0,"source":"auto-logged","step":null}},"type":"parameter_msg"}
{"payload":{"local_timestamp":1701256848723,"message_id":87,"param":{"paramName":"plots","paramValue":true,"source":"auto-logged","step":null}},"type":"parameter_msg"}
{"payload":{"local_timestamp":1701256848723,"message_id":88,"param":{"paramName":"pose","paramValue":12.0,"source":"auto-logged","step":null}},"type":"parameter_msg"}
{"payload":{"local_timestamp":1701256848723,"message_id":89,"param":{"paramName":"pretrained","paramValue":true,"source":"auto-logged","step":null}},"type":"parameter_msg"}
{"payload":{"local_timestamp":1701256848723,"message_id":90,"param":{"paramName":"profile","paramValue":false,"source":"auto-logged","step":null}},"type":"parameter_msg"}
{"payload":{"local_timestamp":1701256848729,"message_id":91,"param":{"paramName":"project","paramValue":null,"source":"auto-logged","step":null}},"type":"parameter_msg"}
{"payload":{"local_timestamp":1701256848729,"message_id":92,"param":{"paramName":"rect","paramValue":false,"source":"auto-logged","step":null}},"type":"parameter_msg"}
{"payload":{"local_timestamp":1701256848729,"message_id":93,"param":{"paramName":"resume","paramValue":false,"source":"auto-logged","step":null}},"type":"parameter_msg"}
{"payload":{"local_timestamp":1701256848729,"message_id":94,"param":{"paramName":"retina_masks","paramValue":false,"source":"auto-logged","step":null}},"type":"parameter_msg"}
{"payload":{"local_timestamp":1701256848729,"message_id":95,"param":{"paramName":"save","paramValue":true,"source":"auto-logged","step":null}},"type":"parameter_msg"}
{"payload":{"local_timestamp":1701256848729,"message_id":96,"param":{"paramName":"save_conf","paramValue":false,"source":"auto-logged","step":null}},"type":"parameter_msg"}
{"payload":{"local_timestamp":1701256848729,"message_id":97,"param":{"paramName":"save_crop","paramValue":false,"source":"auto-logged","step":null}},"type":"parameter_msg"}
{"payload":{"local_timestamp":1701256848729,"message_id":98,"param":{"paramName":"save_dir","paramValue":"/root/.pyenv/runs/detect/train8","source":"auto-logged","step":null}},"type":"parameter_msg"}
{"payload":{"local_timestamp":1701256848729,"message_id":99,"param":{"paramName":"save_frames","paramValue":false,"source":"auto-logged","step":null}},"type":"parameter_msg"}
{"payload":{"local_timestamp":1701256848729,"message_id":100,"param":{"paramName":"save_hybrid","paramValue":false,"source":"auto-logged","step":null}},"type":"parameter_msg"}
{"payload":{"local_timestamp":1701256848729,"message_id":101,"param":{"paramName":"save_json","paramValue":false,"source":"auto-logged","step":null}},"type":"parameter_msg"}
{"payload":{"local_timestamp":1701256848729,"message_id":102,"param":{"paramName":"save_period","paramValue":-1,"source":"auto-logged","step":null}},"type":"parameter_msg"}
{"payload":{"local_timestamp":1701256848729,"message_id":103,"param":{"paramName":"save_txt","paramValue":false,"source":"auto-logged","step":null}},"type":"parameter_msg"}
{"payload":{"local_timestamp":1701256848729,"message_id":104,"param":{"paramName":"scale","paramValue":0.5,"source":"auto-logged","step":null}},"type":"parameter_msg"}
{"payload":{"local_timestamp":1701256848729,"message_id":105,"param":{"paramName":"seed","paramValue":0,"source":"auto-logged","step":null}},"type":"parameter_msg"}
{"payload":{"local_timestamp":1701256848729,"message_id":106,"param":{"paramName":"shear","paramValue":0.0,"source":"auto-logged","step":null}},"type":"parameter_msg"}
{"payload":{"local_timestamp":1701256848729,"message_id":107,"param":{"paramName":"show","paramValue":false,"source":"auto-logged","step":null}},"type":"parameter_msg"}
{"payload":{"local_timestamp":1701256848729,"message_id":108,"param":{"paramName":"show_boxes","paramValue":true,"source":"auto-logged","step":null}},"type":"parameter_msg"}
{"payload":{"local_timestamp":1701256848729,"message_id":109,"param":{"paramName":"show_conf","paramValue":true,"source":"auto-logged","step":null}},"type":"parameter_msg"}
{"payload":{"local_timestamp":1701256848729,"message_id":110,"param":{"paramName":"show_labels","paramValue":true,"source":"auto-logged","step":null}},"type":"parameter_msg"}
{"payload":{"local_timestamp":1701256848730,"message_id":111,"param":{"paramName":"simplify","paramValue":false,"source":"auto-logged","step":null}},"type":"parameter_msg"}
{"payload":{"local_timestamp":1701256848730,"message_id":112,"param":{"paramName":"single_cls","paramValue":false,"source":"auto-logged","step":null}},"type":"parameter_msg"}
{"payload":{"local_timestamp":1701256848730,"message_id":113,"param":{"paramName":"source","paramValue":null,"source":"auto-logged","step":null}},"type":"parameter_msg"}
{"payload":{"local_timestamp":1701256848730,"message_id":114,"param":{"paramName":"split","paramValue":"val","source":"auto-logged","step":null}},"type":"parameter_msg"}
{"payload":{"local_timestamp":1701256848730,"message_id":115,"param":{"paramName":"stream_buffer","paramValue":false,"source":"auto-logged","step":null}},"type":"parameter_msg"}
{"payload":{"local_timestamp":1701256848730,"message_id":116,"param":{"paramName":"task","paramValue":"detect","source":"auto-logged","step":null}},"type":"parameter_msg"}
{"payload":{"local_timestamp":1701256848730,"message_id":117,"param":{"paramName":"tracker","paramValue":"botsort.yaml","source":"auto-logged","step":null}},"type":"parameter_msg"}
{"payload":{"local_timestamp":1701256848730,"message_id":118,"param":{"paramName":"translate","paramValue":0.1,"source":"auto-logged","step":null}},"type":"parameter_msg"}
{"payload":{"local_timestamp":1701256848730,"message_id":119,"param":{"paramName":"val","paramValue":true,"source":"auto-logged","step":null}},"type":"parameter_msg"}
{"payload":{"local_timestamp":1701256848730,"message_id":120,"param":{"paramName":"verbose","paramValue":true,"source":"auto-logged","step":null}},"type":"parameter_msg"}
{"payload":{"local_timestamp":1701256848730,"message_id":121,"param":{"paramName":"vid_stride","paramValue":1,"source":"auto-logged","step":null}},"type":"parameter_msg"}
{"payload":{"local_timestamp":1701256848730,"message_id":122,"param":{"paramName":"visualize","paramValue":false,"source":"auto-logged","step":null}},"type":"parameter_msg"}
{"payload":{"local_timestamp":1701256848730,"message_id":123,"param":{"paramName":"warmup_bias_lr","paramValue":0.0,"source":"auto-logged","step":null}},"type":"parameter_msg"}
{"payload":{"local_timestamp":1701256848730,"message_id":124,"param":{"paramName":"warmup_epochs","paramValue":3.0,"source":"auto-logged","step":null}},"type":"parameter_msg"}
{"payload":{"local_timestamp":1701256848730,"message_id":125,"param":{"paramName":"warmup_momentum","paramValue":0.8,"source":"auto-logged","step":null}},"type":"parameter_msg"}
{"payload":{"local_timestamp":1701256848730,"message_id":126,"param":{"paramName":"weight_decay","paramValue":0.0005,"source":"auto-logged","step":null}},"type":"parameter_msg"}
{"payload":{"local_timestamp":1701256848730,"message_id":127,"param":{"paramName":"workers","paramValue":8,"source":"auto-logged","step":null}},"type":"parameter_msg"}
{"payload":{"local_timestamp":1701256848730,"message_id":128,"param":{"paramName":"workspace","paramValue":4,"source":"auto-logged","step":null}},"type":"parameter_msg"}
{"payload":{"git_meta":{"branch":"refs/heads/ObjectDetector","origin":"git@github.com:marcraven/DonutPlot.git","parent":"813e476cf1f679f356d1a27f92cfb2d09f8c95a7","repo_name":"DonutPlot","root":"2b992a73e5e9342548291ccfb76372513a2dd88d","status":null,"user":"marcelonora"},"local_timestamp":1701256849642,"message_id":129},"type":"ws_msg"}
{"payload":{"additional_params":null,"clean":true,"file_path":"tmpl1gqpuba..zip","local_timestamp":1701256852390,"message_id":130,"metadata":{},"upload_type":"git-patch"},"type":"file_upload"}
{"payload":{"local_timestamp":1701256853239,"message_id":131,"stderr":false,"stdout":"Image sizes 320 train, 320 val\nUsing 8 dataloader workers\nLogging results to \u001b[1m/root/.pyenv/runs/detect/train8\u001b[0m\nStarting training for 10 epochs...\n"},"type":"ws_msg"}
{"payload":{"local_timestamp":1701256853240,"message_id":132,"stderr":false,"stdout":"Closing dataloader mosaic\n"},"type":"ws_msg"}
{"payload":{"local_timestamp":1701256854039,"message_id":133,"stderr":false,"stdout":"\n      Epoch    GPU_mem   box_loss   cls_loss   dfl_loss  Instances       Size\n"},"type":"ws_msg"}
{"payload":{"local_timestamp":1701256854065,"message_id":134,"stderr":true,"stdout":"\r  0%|          | 0/7 [00:00<?, ?it/s]"},"type":"ws_msg"}
{"payload":{"local_timestamp":1701256857414,"message_id":135,"stderr":true,"stdout":"\r  0%|          | 0/7 [00:03<?, ?it/s]\n"},"type":"ws_msg"}
{"payload":{"local_timestamp":1701256857436,"message_id":136,"stderr":true,"stdout":"Traceback (most recent call last):\n  File \"/root/code/marcraven/DonutPlot/ObjectRecognition/train_yolo.py\", line 28, in <module>\n    train_model()\n  File \"/root/code/marcraven/DonutPlot/ObjectRecognition/train_yolo.py\", line 14, in train_model\n    model.train(\n  File \"/root/.pyenv/versions/DonutPlot/lib/python3.10/site-packages/ultralytics/engine/model.py\", line 338, in train\n    self.trainer.train()\n  File \"/root/.pyenv/versions/DonutPlot/lib/python3.10/site-packages/ultralytics/engine/trainer.py\", line 190, in train\n    self._do_train(world_size)\n  File \"/root/.pyenv/versions/DonutPlot/lib/python3.10/site-packages/ultralytics/engine/trainer.py\", line 344, in _do_train\n    self.scaler.scale(self.loss).backward()\n  File \"/root/.pyenv/versions/DonutPlot/lib/python3.10/site-packages/torch/_tensor.py\", line 492, in backward\n    torch.autograd.backward(\n  File \"/root/.pyenv/versions/DonutPlot/lib/python3.10/site-packages/torch/autograd/__init__.py\", line 251, in backward\n    Variable._execution_engine.run_backwar"},"type":"ws_msg"}
{"payload":{"local_timestamp":1701256857438,"message_id":137,"stderr":true,"stdout":"d(  # Calls into the C++ engine to run the backward pass\nKeyboardInterrupt\n"},"type":"ws_msg"}
{"payload":{"local_timestamp":1701256857439,"message_id":138,"stderr":true,"stdout":"\u001b[1;38;5;39mCOMET INFO:\u001b[0m ---------------------------------------------------------------------------------------\n"},"type":"ws_msg"}
{"payload":{"local_timestamp":1701256857440,"message_id":139,"stderr":true,"stdout":"\u001b[1;38;5;39mCOMET INFO:\u001b[0m Comet.ml OfflineExperiment Summary\n"},"type":"ws_msg"}
{"payload":{"local_timestamp":1701256857442,"message_id":140,"stderr":true,"stdout":"\u001b[1;38;5;39mCOMET INFO:\u001b[0m ---------------------------------------------------------------------------------------\n"},"type":"ws_msg"}
{"payload":{"local_timestamp":1701256857443,"message_id":141,"stderr":true,"stdout":"\u001b[1;38;5;39mCOMET INFO:\u001b[0m   Data:\n"},"type":"ws_msg"}
{"payload":{"local_timestamp":1701256857444,"message_id":142,"stderr":true,"stdout":"\u001b[1;38;5;39mCOMET INFO:\u001b[0m     display_summary_level : 1\n"},"type":"ws_msg"}
{"payload":{"local_timestamp":1701256857445,"message_id":143,"stderr":true,"stdout":"\u001b[1;38;5;39mCOMET INFO:\u001b[0m     url                   : [OfflineExperiment will get URL after upload]\n"},"type":"ws_msg"}
{"payload":{"local_timestamp":1701256857447,"message_id":144,"stderr":true,"stdout":"\u001b[1;38;5;39mCOMET INFO:\u001b[0m   Others:\n"},"type":"ws_msg"}
{"payload":{"local_timestamp":1701256857448,"message_id":145,"stderr":true,"stdout":"\u001b[1;38;5;39mCOMET INFO:\u001b[0m     Created from       : MLFlow auto-logger\n"},"type":"ws_msg"}
{"payload":{"local_timestamp":1701256857449,"message_id":146,"stderr":true,"stdout":"\u001b[1;38;5;39mCOMET INFO:\u001b[0m     Name               : train8\n"},"type":"ws_msg"}
{"payload":{"local_timestamp":1701256857449,"message_id":147,"stderr":true,"stdout":"\u001b[1;38;5;39mCOMET INFO:\u001b[0m     offline_experiment : True\n"},"type":"ws_msg"}
{"payload":{"local_timestamp":1701256857449,"message_id":148,"stderr":true,"stdout":"\u001b[1;38;5;39mCOMET INFO:\u001b[0m   Parameters:\n"},"type":"ws_msg"}
{"payload":{"local_timestamp":1701256857450,"message_id":149,"stderr":true,"stdout":"\u001b[1;38;5;39mCOMET INFO:\u001b[0m     agnostic_nms    : False\n"},"type":"ws_msg"}
{"payload":{"local_timestamp":1701256857462,"message_id":150,"stderr":true,"stdout":"\u001b[1;38;5;39mCOMET INFO:\u001b[0m     amp             : True\n"},"type":"ws_msg"}
{"payload":{"local_timestamp":1701256857463,"message_id":151,"stderr":true,"stdout":"\u001b[1;38;5;39mCOMET INFO:\u001b[0m     augment         : False\n"},"type":"ws_msg"}
{"payload":{"local_timestamp":1701256857464,"message_id":152,"stderr":true,"stdout":"\u001b[1;38;5;39mCOMET INFO:\u001b[0m     batch           : 16\n\u001b[1;38;5;39mCOMET INFO:\u001b[0m     box             : 7.5\n"},"type":"ws_msg"}
{"payload":{"local_timestamp":1701256857465,"message_id":153,"stderr":true,"stdout":"\u001b[1;38;5;39mCOMET INFO:\u001b[0m     cache           : False\n\u001b[1;38;5;39mCOMET INFO:\u001b[0m     cfg             : None\n"},"type":"ws_msg"}
{"payload":{"local_timestamp":1701256857465,"message_id":154,"stderr":true,"stdout":"\u001b[1;38;5;39mCOMET INFO:\u001b[0m     classes         : None\n"},"type":"ws_msg"}
{"payload":{"local_timestamp":1701256857468,"message_id":155,"stderr":true,"stdout":"\u001b[1;38;5;39mCOMET INFO:\u001b[0m     close_mosaic    : 10\n"},"type":"ws_msg"}
{"payload":{"local_timestamp":1701256857469,"message_id":156,"stderr":true,"stdout":"\u001b[1;38;5;39mCOMET INFO:\u001b[0m     cls             : 0.5\n"},"type":"ws_msg"}
{"payload":{"local_timestamp":1701256857471,"message_id":157,"stderr":true,"stdout":"\u001b[1;38;5;39mCOMET INFO:\u001b[0m     conf            : None\n"},"type":"ws_msg"}
{"payload":{"local_timestamp":1701256857471,"message_id":158,"stderr":true,"stdout":"\u001b[1;38;5;39mCOMET INFO:\u001b[0m     copy_paste      : 0.0\n"},"type":"ws_msg"}
{"payload":{"local_timestamp":1701256857473,"message_id":159,"stderr":true,"stdout":"\u001b[1;38;5;39mCOMET INFO:\u001b[0m     cos_lr          : False\n"},"type":"ws_msg"}
{"payload":{"local_timestamp":1701256857474,"message_id":160,"stderr":true,"stdout":"\u001b[1;38;5;39mCOMET INFO:\u001b[0m     data            : /root/code/marcraven/DonutPlot/ObjectRecognition/dataset.yaml\n\u001b[1;38;5;39mCOMET INFO:\u001b[0m     degrees         : 0.0\n"},"type":"ws_msg"}
{"payload":{"local_timestamp":1701256857476,"message_id":161,"stderr":true,"stdout":"\u001b[1;38;5;39mCOMET INFO:\u001b[0m     deterministic   : True\n"},"type":"ws_msg"}
{"payload":{"local_timestamp":1701256857476,"message_id":162,"stderr":true,"stdout":"\u001b[1;38;5;39mCOMET INFO:\u001b[0m     device          : None\n\u001b[1;38;5;39mCOMET INFO:\u001b[0m     dfl             : 1.5\n\u001b[1;38;5;39mCOMET INFO:\u001b[0m     dnn             : False\n"},"type":"ws_msg"}
{"payload":{"local_timestamp":1701256857477,"message_id":163,"stderr":true,"stdout":"\u001b[1;38;5;39mCOMET INFO:\u001b[0m     dropout         : 0.0\n\u001b[1;38;5;39mCOMET INFO:\u001b[0m     dynamic         : False\n\u001b[1;38;5;39mCOMET INFO:\u001b[0m     epochs          : 10\n"},"type":"ws_msg"}
{"payload":{"local_timestamp":1701256857478,"message_id":164,"stderr":true,"stdout":"\u001b[1;38;5;39mCOMET INFO:\u001b[0m     exist_ok        : False\n"},"type":"ws_msg"}
{"payload":{"local_timestamp":1701256857480,"message_id":165,"stderr":true,"stdout":"\u001b[1;38;5;39mCOMET INFO:\u001b[0m     fliplr          : 0.5\n\u001b[1;38;5;39mCOMET INFO:\u001b[0m     flipud          : 0.0\n"},"type":"ws_msg"}
{"payload":{"local_timestamp":1701256857488,"message_id":166,"stderr":true,"stdout":"\u001b[1;38;5;39mCOMET INFO:\u001b[0m     format          : onnx\n"},"type":"ws_msg"}
{"payload":{"local_timestamp":1701256857489,"message_id":167,"stderr":true,"stdout":"\u001b[1;38;5;39mCOMET INFO:\u001b[0m     fraction        : 1.0\n"},"type":"ws_msg"}
{"payload":{"local_timestamp":1701256857489,"message_id":168,"stderr":true,"stdout":"\u001b[1;38;5;39mCOMET INFO:\u001b[0m     freeze          : None\n"},"type":"ws_msg"}
{"payload":{"local_timestamp":1701256857494,"message_id":169,"stderr":true,"stdout":"\u001b[1;38;5;39mCOMET INFO:\u001b[0m     half            : False\n"},"type":"ws_msg"}
{"payload":{"local_timestamp":1701256857495,"message_id":170,"stderr":true,"stdout":"\u001b[1;38;5;39mCOMET INFO:\u001b[0m     hsv_h           : 0.015\n"},"type":"ws_msg"}
{"payload":{"local_timestamp":1701256857495,"message_id":171,"stderr":true,"stdout":"\u001b[1;38;5;39mCOMET INFO:\u001b[0m     hsv_s           : 0.7\n"},"type":"ws_msg"}
{"payload":{"local_timestamp":1701256857499,"message_id":172,"stderr":true,"stdout":"\u001b[1;38;5;39mCOMET INFO:\u001b[0m     hsv_v           : 0.4\n"},"type":"ws_msg"}
{"payload":{"local_timestamp":1701256857503,"message_id":173,"stderr":true,"stdout":"\u001b[1;38;5;39mCOMET INFO:\u001b[0m     imgsz           : 320\n"},"type":"ws_msg"}
{"payload":{"local_timestamp":1701256857506,"message_id":174,"stderr":true,"stdout":"\u001b[1;38;5;39mCOMET INFO:\u001b[0m     int8            : False\n"},"type":"ws_msg"}
{"payload":{"local_timestamp":1701256857507,"message_id":175,"stderr":true,"stdout":"\u001b[1;38;5;39mCOMET INFO:\u001b[0m     iou             : 0.7\n"},"type":"ws_msg"}
{"payload":{"local_timestamp":1701256857507,"message_id":176,"stderr":true,"stdout":"\u001b[1;38;5;39mCOMET INFO:\u001b[0m     keras           : False\n\u001b[1;38;5;39mCOMET INFO:\u001b[0m     kobj            : 1.0\n"},"type":"ws_msg"}
{"payload":{"local_timestamp":1701256857508,"message_id":177,"stderr":true,"stdout":"\u001b[1;38;5;39mCOMET INFO:\u001b[0m     label_smoothing : 0.0\n"},"type":"ws_msg"}
{"payload":{"local_timestamp":1701256857508,"message_id":178,"stderr":true,"stdout":"\u001b[1;38;5;39mCOMET INFO:\u001b[0m     line_width      : None\n"},"type":"ws_msg"}
{"payload":{"local_timestamp":1701256857510,"message_id":179,"stderr":true,"stdout":"\u001b[1;38;5;39mCOMET INFO:\u001b[0m     lr0             : 0.01\n"},"type":"ws_msg"}
{"payload":{"local_timestamp":1701256857511,"message_id":180,"stderr":true,"stdout":"\u001b[1;38;5;39mCOMET INFO:\u001b[0m     lrf             : 0.01\n"},"type":"ws_msg"}
{"payload":{"local_timestamp":1701256857512,"message_id":181,"stderr":true,"stdout":"\u001b[1;38;5;39mCOMET INFO:\u001b[0m     mask_ratio      : 4\n\u001b[1;38;5;39mCOMET INFO:\u001b[0m     max_det         : 300\n"},"type":"ws_msg"}
{"payload":{"local_timestamp":1701256857512,"message_id":182,"stderr":true,"stdout":"\u001b[1;38;5;39mCOMET INFO:\u001b[0m     mixup           : 0.0\n"},"type":"ws_msg"}
{"payload":{"local_timestamp":1701256857515,"message_id":183,"stderr":true,"stdout":"\u001b[1;38;5;39mCOMET INFO:\u001b[0m     mode            : train\n"},"type":"ws_msg"}
{"payload":{"local_timestamp":1701256857516,"message_id":184,"stderr":true,"stdout":"\u001b[1;38;5;39mCOMET INFO:\u001b[0m     model           : yolov8s-p2.yaml\n"},"type":"ws_msg"}
{"payload":{"local_timestamp":1701256857518,"message_id":185,"stderr":true,"stdout":"\u001b[1;38;5;39mCOMET INFO:\u001b[0m     momentum        : 0.937\n"},"type":"ws_msg"}
{"payload":{"local_timestamp":1701256857518,"message_id":186,"stderr":true,"stdout":"\u001b[1;38;5;39mCOMET INFO:\u001b[0m     mosaic          : 1.0\n"},"type":"ws_msg"}
{"payload":{"local_timestamp":1701256857520,"message_id":187,"stderr":true,"stdout":"\u001b[1;38;5;39mCOMET INFO:\u001b[0m     name            : train8\n"},"type":"ws_msg"}
{"payload":{"local_timestamp":1701256857521,"message_id":188,"stderr":true,"stdout":"\u001b[1;38;5;39mCOMET INFO:\u001b[0m     nbs             : 64\n"},"type":"ws_msg"}
{"payload":{"local_timestamp":1701256857522,"message_id":189,"stderr":true,"stdout":"\u001b[1;38;5;39mCOMET INFO:\u001b[0m     nms             : False\n"},"type":"ws_msg"}
{"payload":{"local_timestamp":1701256857533,"log_other":{"key":"sys.already_imported_modules","val":"[\"torch\"]"},"message_id":190},"type":"ws_msg"}
{"payload":{"local_timestamp":1701256857535,"message_id":191,"stderr":true,"stdout":"\u001b[1;38;5;39mCOMET INFO:\u001b[0m     opset           : None\n"},"type":"ws_msg"}
{"payload":{"local_timestamp":1701256857535,"message_id":192,"stderr":true,"stdout":"\u001b[1;38;5;39mCOMET INFO:\u001b[0m     optimize        : False\n"},"type":"ws_msg"}
{"payload":{"local_timestamp":1701256857536,"message_id":193,"stderr":true,"stdout":"\u001b[1;38;5;39mCOMET INFO:\u001b[0m     optimizer       : auto\n\u001b[1;38;5;39mCOMET INFO:\u001b[0m     overlap_mask    : True\n"},"type":"ws_msg"}
{"payload":{"local_timestamp":1701256857536,"message_id":194,"stderr":true,"stdout":"\u001b[1;38;5;39mCOMET INFO:\u001b[0m     patience        : 50\n"},"type":"ws_msg"}
{"payload":{"local_timestamp":1701256857537,"message_id":195,"stderr":true,"stdout":"\u001b[1;38;5;39mCOMET INFO:\u001b[0m     perspective     : 0.0\n\u001b[1;38;5;39mCOMET INFO:\u001b[0m     plots           : True\n"},"type":"ws_msg"}
{"payload":{"local_timestamp":1701256857538,"message_id":196,"stderr":true,"stdout":"\u001b[1;38;5;39mCOMET INFO:\u001b[0m     pose            : 12.0\n"},"type":"ws_msg"}
{"payload":{"local_timestamp":1701256857539,"message_id":197,"stderr":true,"stdout":"\u001b[1;38;5;39mCOMET INFO:\u001b[0m     pretrained      : True\n"},"type":"ws_msg"}
{"payload":{"local_timestamp":1701256857540,"message_id":198,"stderr":true,"stdout":"\u001b[1;38;5;39mCOMET INFO:\u001b[0m     profile         : False\n"},"type":"ws_msg"}
{"payload":{"local_timestamp":1701256857541,"message_id":199,"stderr":true,"stdout":"\u001b[1;38;5;39mCOMET INFO:\u001b[0m     rect            : False\n"},"type":"ws_msg"}
{"payload":{"local_timestamp":1701256857543,"message_id":200,"stderr":true,"stdout":"\u001b[1;38;5;39mCOMET INFO:\u001b[0m     resume          : False\n\u001b[1;38;5;39mCOMET INFO:\u001b[0m     retina_masks    : False\n"},"type":"ws_msg"}
{"payload":{"local_timestamp":1701256857544,"message_id":201,"stderr":true,"stdout":"\u001b[1;38;5;39mCOMET INFO:\u001b[0m     save            : True\n\u001b[1;38;5;39mCOMET INFO:\u001b[0m     save_conf       : False\n"},"type":"ws_msg"}
{"payload":{"local_timestamp":1701256857545,"message_id":202,"stderr":true,"stdout":"\u001b[1;38;5;39mCOMET INFO:\u001b[0m     save_crop       : False\n"},"type":"ws_msg"}
{"payload":{"local_timestamp":1701256857545,"message_id":203,"stderr":true,"stdout":"\u001b[1;38;5;39mCOMET INFO:\u001b[0m     save_dir        : /root/.pyenv/runs/detect/train8\n"},"type":"ws_msg"}
{"payload":{"local_timestamp":1701256857545,"message_id":204,"stderr":true,"stdout":"\u001b[1;38;5;39mCOMET INFO:\u001b[0m     save_frames     : False\n"},"type":"ws_msg"}
{"payload":{"local_timestamp":1701256857546,"message_id":205,"stderr":true,"stdout":"\u001b[1;38;5;39mCOMET INFO:\u001b[0m     save_hybrid     : False\n"},"type":"ws_msg"}
{"payload":{"local_timestamp":1701256857546,"message_id":206,"stderr":true,"stdout":"\u001b[1;38;5;39mCOMET INFO:\u001b[0m     save_json       : False\n"},"type":"ws_msg"}
{"payload":{"local_timestamp":1701256857546,"message_id":207,"stderr":true,"stdout":"\u001b[1;38;5;39mCOMET INFO:\u001b[0m     save_period     : -1\n"},"type":"ws_msg"}
{"payload":{"local_timestamp":1701256857547,"message_id":208,"stderr":true,"stdout":"\u001b[1;38;5;39mCOMET INFO:\u001b[0m     save_txt        : False\n"},"type":"ws_msg"}
{"payload":{"local_timestamp":1701256857547,"message_id":209,"stderr":true,"stdout":"\u001b[1;38;5;39mCOMET INFO:\u001b[0m     scale           : 0.5\n"},"type":"ws_msg"}
{"payload":{"local_timestamp":1701256857548,"message_id":210,"stderr":true,"stdout":"\u001b[1;38;5;39mCOMET INFO:\u001b[0m     seed            : 0\n"},"type":"ws_msg"}
{"payload":{"local_timestamp":1701256857548,"message_id":211,"stderr":true,"stdout":"\u001b[1;38;5;39mCOMET INFO:\u001b[0m     shear           : 0.0\n"},"type":"ws_msg"}
{"payload":{"local_timestamp":1701256857549,"message_id":212,"stderr":true,"stdout":"\u001b[1;38;5;39mCOMET INFO:\u001b[0m     show            : False\n"},"type":"ws_msg"}
{"payload":{"local_timestamp":1701256857549,"message_id":213,"stderr":true,"stdout":"\u001b[1;38;5;39mCOMET INFO:\u001b[0m     show_boxes      : True\n"},"type":"ws_msg"}
{"payload":{"local_timestamp":1701256857549,"message_id":214,"stderr":true,"stdout":"\u001b[1;38;5;39mCOMET INFO:\u001b[0m     show_conf       : True\n"},"type":"ws_msg"}
{"payload":{"local_timestamp":1701256857550,"message_id":215,"stderr":true,"stdout":"\u001b[1;38;5;39mCOMET INFO:\u001b[0m     show_labels     : True\n"},"type":"ws_msg"}
{"payload":{"local_timestamp":1701256857551,"message_id":216,"stderr":true,"stdout":"\u001b[1;38;5;39mCOMET INFO:\u001b[0m     simplify        : False\n"},"type":"ws_msg"}
{"payload":{"local_timestamp":1701256857551,"message_id":217,"stderr":true,"stdout":"\u001b[1;38;5;39mCOMET INFO:\u001b[0m     single_cls      : False\n"},"type":"ws_msg"}
{"payload":{"local_timestamp":1701256857557,"message_id":218,"stderr":true,"stdout":"\u001b[1;38;5;39mCOMET INFO:\u001b[0m     source          : None\n"},"type":"ws_msg"}
{"payload":{"local_timestamp":1701256857561,"message_id":219,"stderr":true,"stdout":"\u001b[1;38;5;39mCOMET INFO:\u001b[0m     split           : val\n"},"type":"ws_msg"}
{"payload":{"local_timestamp":1701256857561,"message_id":220,"stderr":true,"stdout":"\u001b[1;38;5;39mCOMET INFO:\u001b[0m     stream_buffer   : False\n\u001b[1;38;5;39mCOMET INFO:\u001b[0m     task            : detect\n"},"type":"ws_msg"}
{"payload":{"local_timestamp":1701256857562,"message_id":221,"stderr":true,"stdout":"\u001b[1;38;5;39mCOMET INFO:\u001b[0m     tracker         : botsort.yaml\n"},"type":"ws_msg"}
{"payload":{"local_timestamp":1701256857562,"message_id":222,"stderr":true,"stdout":"\u001b[1;38;5;39mCOMET INFO:\u001b[0m     translate       : 0.1\n"},"type":"ws_msg"}
{"payload":{"local_timestamp":1701256857563,"message_id":223,"stderr":true,"stdout":"\u001b[1;38;5;39mCOMET INFO:\u001b[0m     val             : True\n\u001b[1;38;5;39mCOMET INFO:\u001b[0m     verbose         : True\n"},"type":"ws_msg"}
{"payload":{"local_timestamp":1701256857563,"message_id":224,"stderr":true,"stdout":"\u001b[1;38;5;39mCOMET INFO:\u001b[0m     vid_stride      : 1\n"},"type":"ws_msg"}
{"payload":{"local_timestamp":1701256857563,"message_id":225,"stderr":true,"stdout":"\u001b[1;38;5;39mCOMET INFO:\u001b[0m     visualize       : False\n"},"type":"ws_msg"}
{"payload":{"local_timestamp":1701256857564,"message_id":226,"stderr":true,"stdout":"\u001b[1;38;5;39mCOMET INFO:\u001b[0m     warmup_bias_lr  : 0.0\n\u001b[1;38;5;39mCOMET INFO:\u001b[0m     warmup_epochs   : 3.0\n\u001b[1;38;5;39mCOMET INFO:\u001b[0m     warmup_momentum : 0.8\n"},"type":"ws_msg"}
{"payload":{"local_timestamp":1701256857564,"message_id":227,"stderr":true,"stdout":"\u001b[1;38;5;39mCOMET INFO:\u001b[0m     weight_decay    : 0.0005\n\u001b[1;38;5;39mCOMET INFO:\u001b[0m     workers         : 8\n\u001b[1;38;5;39mCOMET INFO:\u001b[0m     workspace       : 4\n"},"type":"ws_msg"}
{"payload":{"local_timestamp":1701256857564,"message_id":228,"stderr":true,"stdout":"\u001b[1;38;5;39mCOMET INFO:\u001b[0m   Uploads:\n"},"type":"ws_msg"}
{"payload":{"local_timestamp":1701256857564,"message_id":229,"stderr":true,"stdout":"\u001b[1;38;5;39mCOMET INFO:\u001b[0m     environment details      : 1\n"},"type":"ws_msg"}
{"payload":{"local_timestamp":1701256857564,"message_id":230,"stderr":true,"stdout":"\u001b[1;38;5;39mCOMET INFO:\u001b[0m     filename                 : 1\n"},"type":"ws_msg"}
{"payload":{"local_timestamp":1701256857565,"message_id":231,"stderr":true,"stdout":"\u001b[1;38;5;39mCOMET INFO:\u001b[0m     git metadata             : 1\n"},"type":"ws_msg"}
{"payload":{"local_timestamp":1701256857568,"message_id":232,"stderr":true,"stdout":"\u001b[1;38;5;39mCOMET INFO:\u001b[0m     git-patch (uncompressed) : 1 (1.35 KB)\n"},"type":"ws_msg"}
{"payload":{"local_timestamp":1701256857569,"message_id":233,"stderr":true,"stdout":"\u001b[1;38;5;39mCOMET INFO:\u001b[0m     installed packages       : 1\n\u001b[1;38;5;39mCOMET INFO:\u001b[0m     os packages              : 1\n"},"type":"ws_msg"}
{"payload":{"local_timestamp":1701256857570,"message_id":234,"stderr":true,"stdout":"\u001b[1;38;5;39mCOMET INFO:\u001b[0m     source_code              : 2 (4.95 KB)\n\u001b[1;38;5;39mCOMET INFO:\u001b[0m \n"},"type":"ws_msg"}
{"payload":{"local_timestamp":1701256857571,"message_id":235,"stderr":true,"stdout":"\u001b[1;38;5;214mCOMET WARNING:\u001b[0m To get all data logged automatically, import comet_ml before the following modules: torch.\n"},"type":"ws_msg"}
